Tweet_id,Target,Text,Span,tokens,tags
1658213354672988162,Target: Immigrant-Refugee,انت افجر واكذب دحباشي الحضارم الجنوبيين كانو ف السعودية ويلقون كل إحترام وترحيب خلينا نرجع لموضوعنا كيف تحب ترحيل أبناء جلدتك من بلادنا الي بلادكم العربيه اليمنيه بالباص بالشيول ام بطريقة سعادة اللواء شلال علي شايع,"افجر واكذب دحباشي,ترحيل أبناء جلدتك من بلادنا,بالباص بالشيول ام بطريقة سعادة اللواء شلال علي شايع","[""\u0627\u0646\u062a"", ""\u0627\u0641\u062c\u0631"", ""\u0648\u0627\u0643\u0630\u0628"", ""\u062f\u062d\u0628\u0627\u0634\u064a"", ""\u0627\u0644\u062d\u0636\u0627\u0631\u0645"", ""\u0627\u0644\u062c\u0646\u0648\u0628\u064a\u064a\u0646"", ""\u0643\u0627\u0646\u0648"", ""\u0641"", ""\u0627\u0644\u0633\u0639\u0648\u062f\u064a\u0629"", ""\u0648\u064a\u0644\u0642\u0648\u0646"", ""\u0643\u0644"", ""\u0625\u062d\u062a\u0631\u0627\u0645"", ""\u0648\u062a\u0631\u062d\u064a\u0628"", ""\u062e\u0644\u064a\u0646\u0627"", ""\u0646\u0631\u062c\u0639"", ""\u0644\u0645\u0648\u0636\u0648\u0639\u0646\u0627"", ""\u0643\u064a\u0641"", ""\u062a\u062d\u0628"", ""\u062a\u0631\u062d\u064a\u0644"", ""\u0623\u0628\u0646\u0627\u0621"", ""\u062c\u0644\u062f\u062a\u0643"", ""\u0645\u0646"", ""\u0628\u0644\u0627\u062f\u0646\u0627"", ""\u0627\u0644\u064a"", ""\u0628\u0644\u0627\u062f\u0643\u0645"", ""\u0627\u0644\u0639\u0631\u0628\u064a\u0647"", ""\u0627\u0644\u064a\u0645\u0646\u064a\u0647"", ""\u0628\u0627\u0644\u0628\u0627\u0635"", ""\u0628\u0627\u0644\u0634\u064a\u0648\u0644"", ""\u0627\u0645"", ""\u0628\u0637\u0631\u064a\u0642\u0629"", ""\u0633\u0639\u0627\u062f\u0629"", ""\u0627\u0644\u0644\u0648\u0627\u0621"", ""\u0634\u0644\u0627\u0644"", ""\u0639\u0644\u064a"", ""\u0634\u0627\u064a\u0639""]","[0, 1, 2, 2, 0, 0, 0, 0, 0, 0, 0, 0, 0, 0, 0, 0, 0, 0, 1, 2, 2, 2, 2, 0, 0, 0, 0, 1, 2, 2, 2, 2, 2, 2, 2, 2]"
1659553914272772097,Target: Immigrant-Refugee,احد، بترجم وش تقول هالخنزيرة الله يعجل ب ترحيل وطردكم مع مجنسبيكم,"هالخنزيرة,الله يعجل ب ترحيل وطردكم","[""\u0627\u062d\u062f"", ""\u0628\u062a\u0631\u062c\u0645"", ""\u0648\u0634"", ""\u062a\u0642\u0648\u0644"", ""\u0647\u0627\u0644\u062e\u0646\u0632\u064a\u0631\u0629"", ""\u0627\u0644\u0644\u0647"", ""\u064a\u0639\u062c\u0644"", ""\u0628"", ""\u062a\u0631\u062d\u064a\u0644"", ""\u0648\u0637\u0631\u062f\u0643\u0645"", ""\u0645\u0639"", ""\u0645\u062c\u0646\u0633\u0628\u064a\u0643\u0645""]","[0, 0, 0, 0, 1, 1, 2, 2, 2, 2, 0, 0]"
1659571269623316480,Target: Immigrant-Refugee,مرحبا عبيد اردوغان باقي ترحيل كل سوري ببلدنا له,"عبيد اردوغان,باقي ترحيل كل سوري ببلدنا له","[""\u0645\u0631\u062d\u0628\u0627"", ""\u0639\u0628\u064a\u062f"", ""\u0627\u0631\u062f\u0648\u063a\u0627\u0646"", ""\u0628\u0627\u0642\u064a"", ""\u062a\u0631\u062d\u064a\u0644"", ""\u0643\u0644"", ""\u0633\u0648\u0631\u064a"", ""\u0628\u0628\u0644\u062f\u0646\u0627"", ""\u0644\u0647""]","[0, 1, 2, 1, 2, 2, 2, 2, 2]"
1658555124682244098,Target: Immigrant-Refugee,المصريين يعملو استفتاء كبير ضد قانون التجنيس الجديد و ترحيل اللاجئيين  والله و نوصله و نعرفهم ان معدش مرحب بيهم,"ترحيل اللاجئيين,معدش مرحب بيهم","[""\u0627\u0644\u0645\u0635\u0631\u064a\u064a\u0646"", ""\u064a\u0639\u0645\u0644\u0648"", ""\u0627\u0633\u062a\u0641\u062a\u0627\u0621"", ""\u0643\u0628\u064a\u0631"", ""\u0636\u062f"", ""\u0642\u0627\u0646\u0648\u0646"", ""\u0627\u0644\u062a\u062c\u0646\u064a\u0633"", ""\u0627\u0644\u062c\u062f\u064a\u062f"", ""\u0648"", ""\u062a\u0631\u062d\u064a\u0644"", ""\u0627\u0644\u0644\u0627\u062c\u0626\u064a\u064a\u0646"", ""\u0648\u0627\u0644\u0644\u0647"", ""\u0648"", ""\u0646\u0648\u0635\u0644\u0647"", ""\u0648"", ""\u0646\u0639\u0631\u0641\u0647\u0645"", ""\u0627\u0646"", ""\u0645\u0639\u062f\u0634"", ""\u0645\u0631\u062d\u0628"", ""\u0628\u064a\u0647\u0645""]","[0, 0, 0, 0, 0, 0, 0, 0, 0, 1, 2, 0, 0, 0, 0, 0, 0, 1, 2, 2]"
1659724146316566528,Target: Immigrant-Refugee,مهم رايحين صاحي انت الشركات اللي يدعمونها ورواتبهم ودراستهم كلها هنا لكن نقول ان شاء الله ترحيل اجباري هههههههههههههههههههههههههههههههههههههههههههههههههههههههههههههههههههههههههههههه,ان شاء الله ترحيل اجباري,"[""\u0645\u0647\u0645"", ""\u0631\u0627\u064a\u062d\u064a\u0646"", ""\u0635\u0627\u062d\u064a"", ""\u0627\u0646\u062a"", ""\u0627\u0644\u0634\u0631\u0643\u0627\u062a"", ""\u0627\u0644\u0644\u064a"", ""\u064a\u062f\u0639\u0645\u0648\u0646\u0647\u0627"", ""\u0648\u0631\u0648\u0627\u062a\u0628\u0647\u0645"", ""\u0648\u062f\u0631\u0627\u0633\u062a\u0647\u0645"", ""\u0643\u0644\u0647\u0627"", ""\u0647\u0646\u0627"", ""\u0644\u0643\u0646"", ""\u0646\u0642\u0648\u0644"", ""\u0627\u0646"", ""\u0634\u0627\u0621"", ""\u0627\u0644\u0644\u0647"", ""\u062a\u0631\u062d\u064a\u0644"", ""\u0627\u062c\u0628\u0627\u0631\u064a"", ""\u0647\u0647\u0647\u0647\u0647\u0647\u0647\u0647\u0647\u0647\u0647\u0647\u0647\u0647\u0647\u0647\u0647\u0647\u0647\u0647\u0647\u0647\u0647\u0647\u0647\u0647\u0647\u0647\u0647\u0647\u0647\u0647\u0647\u0647\u0647\u0647\u0647\u0647\u0647\u0647\u0647\u0647\u0647\u0647\u0647\u0647\u0647\u0647\u0647\u0647\u0647\u0647\u0647\u0647\u0647\u0647\u0647\u0647\u0647\u0647\u0647\u0647\u0647\u0647\u0647\u0647\u0647\u0647\u0647\u0647\u0647\u0647\u0647\u0647\u0647\u0647\u0647\u0647""]","[0, 0, 0, 0, 0, 0, 0, 0, 0, 0, 0, 0, 0, 1, 2, 2, 2, 2, 0]"
1659592552067092482,Target: Immigrant-Refugee,"#مشكاتي_تحبك
#السيارات_المستعملة
#ترحيل_المغربيات_مطلب
#ترحيل_المغربيات_مطلب2
ويجيك حمار يقولك تزوج مخربيه","#ترحيل_المغربيات_مطلب,#ترحيل_المغربيات_مطلب2,ويجيك حمار يقولك تزوج مخربيه","[""\u0645\u0634\u0643\u0627\u062a\u064a_\u062a\u062d\u0628\u0643"", ""\u0627\u0644\u0633\u064a\u0627\u0631\u0627\u062a_\u0627\u0644\u0645\u0633\u062a\u0639\u0645\u0644\u0629"", ""\u062a\u0631\u062d\u064a\u0644_\u0627\u0644\u0645\u063a\u0631\u0628\u064a\u0627\u062a_\u0645\u0637\u0644\u0628"", ""\u062a\u0631\u062d\u064a\u0644_\u0627\u0644\u0645\u063a\u0631\u0628\u064a\u0627\u062a_\u0645\u0637\u0644\u06282"", ""\u0648\u064a\u062c\u064a\u0643"", ""\u062d\u0645\u0627\u0631"", ""\u064a\u0642\u0648\u0644\u0643"", ""\u062a\u0632\u0648\u062c"", ""\u0645\u062e\u0631\u0628\u064a\u0647""]","[0, 0, 1, 1, 1, 2, 2, 2, 2]"
1659615433111269376,Target: Immigrant-Refugee,ومين قال النساء انا اقو للعموم ترحيل أمرك عجيب,ترحيل,"[""\u0648\u0645\u064a\u0646"", ""\u0642\u0627\u0644"", ""\u0627\u0644\u0646\u0633\u0627\u0621"", ""\u0627\u0646\u0627"", ""\u0627\u0642\u0648"", ""\u0644\u0644\u0639\u0645\u0648\u0645"", ""\u062a\u0631\u062d\u064a\u0644"", ""\u0623\u0645\u0631\u0643"", ""\u0639\u062c\u064a\u0628""]","[0, 0, 0, 0, 0, 0, 1, 0, 0]"
1659128707158536198,Target: Immigrant-Refugee,وانت حضرتك فاكر انهم هيرجعوا بسهوله ولا بمزاجهم مستحيل مش هايرجعوا الا ترحيل وبالقوة الجبريه,مستحيل مش هايرجعوا الا ترحيل وبالقوة الجبريه,"[""\u0648\u0627\u0646\u062a"", ""\u062d\u0636\u0631\u062a\u0643"", ""\u0641\u0627\u0643\u0631"", ""\u0627\u0646\u0647\u0645"", ""\u0647\u064a\u0631\u062c\u0639\u0648\u0627"", ""\u0628\u0633\u0647\u0648\u0644\u0647"", ""\u0648\u0644\u0627"", ""\u0628\u0645\u0632\u0627\u062c\u0647\u0645"", ""\u0645\u0633\u062a\u062d\u064a\u0644"", ""\u0645\u0634"", ""\u0647\u0627\u064a\u0631\u062c\u0639\u0648\u0627"", ""\u0627\u0644\u0627"", ""\u062a\u0631\u062d\u064a\u0644"", ""\u0648\u0628\u0627\u0644\u0642\u0648\u0629"", ""\u0627\u0644\u062c\u0628\u0631\u064a\u0647""]","[0, 0, 0, 0, 0, 0, 0, 0, 1, 2, 2, 2, 2, 2, 2]"
1660031044723134464,Target: Immigrant-Refugee,"وبعد هالصوره اثبات تسويقهم صار فاشل انكشفو المخربيات
#ترحيل_المغربيات_مطلب 
#ترحيل_المغربيات_مطلب2 
#متنكرين_كالسعوديين","المخربيات,#ترحيل_المغربيات_مطلب,#ترحيل_المغربيات_مطلب2,#متنكرين_كالسعوديين","[""\u0648\u0628\u0639\u062f"", ""\u0647\u0627\u0644\u0635\u0648\u0631\u0647"", ""\u0627\u062b\u0628\u0627\u062a"", ""\u062a\u0633\u0648\u064a\u0642\u0647\u0645"", ""\u0635\u0627\u0631"", ""\u0641\u0627\u0634\u0644"", ""\u0627\u0646\u0643\u0634\u0641\u0648"", ""\u0627\u0644\u0645\u062e\u0631\u0628\u064a\u0627\u062a"", ""\u062a\u0631\u062d\u064a\u0644_\u0627\u0644\u0645\u063a\u0631\u0628\u064a\u0627\u062a_\u0645\u0637\u0644\u0628"", ""\u062a\u0631\u062d\u064a\u0644_\u0627\u0644\u0645\u063a\u0631\u0628\u064a\u0627\u062a_\u0645\u0637\u0644\u06282"", ""\u0645\u062a\u0646\u0643\u0631\u064a\u0646_\u0643\u0627\u0644\u0633\u0639\u0648\u062f\u064a\u064a\u0646""]","[0, 0, 0, 0, 0, 0, 0, 1, 1, 1, 1]"
1659804089193058305,Target: Immigrant-Refugee,"اللي اطلق عليهم اللقب 
بعض ذكور الخليج 

شايفين سواتهم بهالدول

خصوصا مع بعض الجنسيات الخليجيه يركضن وراءهن 

اللي يعيش بالخليج وشايف مو الي برا مو داري 

ريحة بقالتكم فاحت 

تحملوا 
#ترحيل_المغربيات_مطلب 
#ترحيل_المغربيات_مطلب_امني","ريحة بقالتكم فاحت,#ترحيل_المغربيات_مطلب,#ترحيل_المغربيات_مطلب_امني","[""\u0627\u0644\u0644\u064a"", ""\u0627\u0637\u0644\u0642"", ""\u0639\u0644\u064a\u0647\u0645"", ""\u0627\u0644\u0644\u0642\u0628"", ""\u0628\u0639\u0636"", ""\u0630\u0643\u0648\u0631"", ""\u0627\u0644\u062e\u0644\u064a\u062c"", ""\u0634\u0627\u064a\u0641\u064a\u0646"", ""\u0633\u0648\u0627\u062a\u0647\u0645"", ""\u0628\u0647\u0627\u0644\u062f\u0648\u0644"", ""\u062e\u0635\u0648\u0635\u0627"", ""\u0645\u0639"", ""\u0628\u0639\u0636"", ""\u0627\u0644\u062c\u0646\u0633\u064a\u0627\u062a"", ""\u0627\u0644\u062e\u0644\u064a\u062c\u064a\u0647"", ""\u064a\u0631\u0643\u0636\u0646"", ""\u0648\u0631\u0627\u0621\u0647\u0646"", ""\u0627\u0644\u0644\u064a"", ""\u064a\u0639\u064a\u0634"", ""\u0628\u0627\u0644\u062e\u0644\u064a\u062c"", ""\u0648\u0634\u0627\u064a\u0641"", ""\u0645\u0648"", ""\u0627\u0644\u064a"", ""\u0628\u0631\u0627"", ""\u0645\u0648"", ""\u062f\u0627\u0631\u064a"", ""\u0631\u064a\u062d\u0629"", ""\u0628\u0642\u0627\u0644\u062a\u0643\u0645"", ""\u0641\u0627\u062d\u062a"", ""\u062a\u062d\u0645\u0644\u0648\u0627"", ""\u062a\u0631\u062d\u064a\u0644_\u0627\u0644\u0645\u063a\u0631\u0628\u064a\u0627\u062a_\u0645\u0637\u0644\u0628"", ""\u062a\u0631\u062d\u064a\u0644_\u0627\u0644\u0645\u063a\u0631\u0628\u064a\u0627\u062a_\u0645\u0637\u0644\u0628_\u0627\u0645\u0646\u064a""]","[0, 0, 0, 0, 0, 0, 0, 0, 0, 0, 0, 0, 0, 0, 0, 0, 0, 0, 0, 0, 0, 0, 0, 0, 0, 0, 1, 2, 2, 0, 1, 1]"
1659865306666352641,Target: Immigrant-Refugee,اتمنى ترحيل كل العرب من السعوديه مو معقول اغلب المدراء علينا غير سعوديييين شي يقهر ويغبن راحت علينا الوظايف عشان كذا هم مايبغون يتركون السعوديه لانهم مبسوطين واكثر شعب يكره السعوديه سبهم وكلامهم فيني نسمعه ونشوفه مصلحجييييين,"اتمنى ترحيل كل العرب من السعوديه,مو معقول اغلب المدراء علينا غير سعوديييين شي يقهر ويغبن راحت علينا الوظايف,لانهم مبسوطين واكثر شعب يكره السعوديه سبهم وكلامهم فيني نسمعه ونشوفه مصلحجييييين","[""\u0627\u062a\u0645\u0646\u0649"", ""\u062a\u0631\u062d\u064a\u0644"", ""\u0643\u0644"", ""\u0627\u0644\u0639\u0631\u0628"", ""\u0645\u0646"", ""\u0627\u0644\u0633\u0639\u0648\u062f\u064a\u0647"", ""\u0645\u0648"", ""\u0645\u0639\u0642\u0648\u0644"", ""\u0627\u063a\u0644\u0628"", ""\u0627\u0644\u0645\u062f\u0631\u0627\u0621"", ""\u0639\u0644\u064a\u0646\u0627"", ""\u063a\u064a\u0631"", ""\u0633\u0639\u0648\u062f\u064a\u064a\u064a\u064a\u0646"", ""\u0634\u064a"", ""\u064a\u0642\u0647\u0631"", ""\u0648\u064a\u063a\u0628\u0646"", ""\u0631\u0627\u062d\u062a"", ""\u0639\u0644\u064a\u0646\u0627"", ""\u0627\u0644\u0648\u0638\u0627\u064a\u0641"", ""\u0639\u0634\u0627\u0646"", ""\u0643\u0630\u0627"", ""\u0647\u0645"", ""\u0645\u0627\u064a\u0628\u063a\u0648\u0646"", ""\u064a\u062a\u0631\u0643\u0648\u0646"", ""\u0627\u0644\u0633\u0639\u0648\u062f\u064a\u0647"", ""\u0644\u0627\u0646\u0647\u0645"", ""\u0645\u0628\u0633\u0648\u0637\u064a\u0646"", ""\u0648\u0627\u0643\u062b\u0631"", ""\u0634\u0639\u0628"", ""\u064a\u0643\u0631\u0647"", ""\u0627\u0644\u0633\u0639\u0648\u062f\u064a\u0647"", ""\u0633\u0628\u0647\u0645"", ""\u0648\u0643\u0644\u0627\u0645\u0647\u0645"", ""\u0641\u064a\u0646\u064a"", ""\u0646\u0633\u0645\u0639\u0647"", ""\u0648\u0646\u0634\u0648\u0641\u0647"", ""\u0645\u0635\u0644\u062d\u062c\u064a\u064a\u064a\u064a\u064a\u0646""]","[1, 2, 2, 2, 2, 2, 1, 2, 2, 2, 2, 2, 2, 2, 2, 2, 2, 2, 2, 0, 0, 0, 0, 0, 0, 1, 2, 2, 2, 2, 2, 2, 2, 2, 2, 2, 2]"
1659238662402342919,Target: Immigrant-Refugee,والله يفترض ان يكون فيه ترحيل لكل وحده مالها شغل شريف في شركه او مصنع او غيرها وتجمعهم من اي جنسيه يعتبر مشكله على البلد باكمله خاصة ان الغالبيه مزورين ويقولون سعوديات ويسئون الى سمعة بلدنا واهلها,"ترحيل لكل وحده مالها شغل شريف في شركه او مصنع,وتجمعهم من اي جنسيه يعتبر مشكله على البلد باكمله,الغالبيه مزورين ويقولون سعوديات ويسئون الى سمعة بلدنا واهلها","[""\u0648\u0627\u0644\u0644\u0647"", ""\u064a\u0641\u062a\u0631\u0636"", ""\u0627\u0646"", ""\u064a\u0643\u0648\u0646"", ""\u0641\u064a\u0647"", ""\u062a\u0631\u062d\u064a\u0644"", ""\u0644\u0643\u0644"", ""\u0648\u062d\u062f\u0647"", ""\u0645\u0627\u0644\u0647\u0627"", ""\u0634\u063a\u0644"", ""\u0634\u0631\u064a\u0641"", ""\u0641\u064a"", ""\u0634\u0631\u0643\u0647"", ""\u0627\u0648"", ""\u0645\u0635\u0646\u0639"", ""\u0627\u0648"", ""\u063a\u064a\u0631\u0647\u0627"", ""\u0648\u062a\u062c\u0645\u0639\u0647\u0645"", ""\u0645\u0646"", ""\u0627\u064a"", ""\u062c\u0646\u0633\u064a\u0647"", ""\u064a\u0639\u062a\u0628\u0631"", ""\u0645\u0634\u0643\u0644\u0647"", ""\u0639\u0644\u0649"", ""\u0627\u0644\u0628\u0644\u062f"", ""\u0628\u0627\u0643\u0645\u0644\u0647"", ""\u062e\u0627\u0635\u0629"", ""\u0627\u0646"", ""\u0627\u0644\u063a\u0627\u0644\u0628\u064a\u0647"", ""\u0645\u0632\u0648\u0631\u064a\u0646"", ""\u0648\u064a\u0642\u0648\u0644\u0648\u0646"", ""\u0633\u0639\u0648\u062f\u064a\u0627\u062a"", ""\u0648\u064a\u0633\u0626\u0648\u0646"", ""\u0627\u0644\u0649"", ""\u0633\u0645\u0639\u0629"", ""\u0628\u0644\u062f\u0646\u0627"", ""\u0648\u0627\u0647\u0644\u0647\u0627""]","[0, 0, 0, 0, 0, 1, 2, 2, 2, 2, 2, 2, 2, 2, 2, 0, 0, 1, 2, 2, 2, 2, 2, 2, 2, 2, 0, 0, 1, 2, 2, 2, 2, 2, 2, 2, 2]"
1659564001527840770,Target: Immigrant-Refugee,"ما بدنا لا دعم ولا فلوس
احكي عن حالك فقط يا نجيب ميقاتي 
خليتو الناس تفكرنا شحادين وهي كل المصاري راحت لجيوبكم بسبب فسادكم 
لا نريد من العرب شيئاً 
نريد فقط من هذا الاتفاق مع بشار الاسد ان يؤدي الى ترحيل النازحين السوريين من لبنان",ترحيل النازحين السوريين من لبنان,"[""\u0645\u0627"", ""\u0628\u062f\u0646\u0627"", ""\u0644\u0627"", ""\u062f\u0639\u0645"", ""\u0648\u0644\u0627"", ""\u0641\u0644\u0648\u0633"", ""\u0627\u062d\u0643\u064a"", ""\u0639\u0646"", ""\u062d\u0627\u0644\u0643"", ""\u0641\u0642\u0637"", ""\u064a\u0627"", ""\u0646\u062c\u064a\u0628"", ""\u0645\u064a\u0642\u0627\u062a\u064a"", ""\u062e\u0644\u064a\u062a\u0648"", ""\u0627\u0644\u0646\u0627\u0633"", ""\u062a\u0641\u0643\u0631\u0646\u0627"", ""\u0634\u062d\u0627\u062f\u064a\u0646"", ""\u0648\u0647\u064a"", ""\u0643\u0644"", ""\u0627\u0644\u0645\u0635\u0627\u0631\u064a"", ""\u0631\u0627\u062d\u062a"", ""\u0644\u062c\u064a\u0648\u0628\u0643\u0645"", ""\u0628\u0633\u0628\u0628"", ""\u0641\u0633\u0627\u062f\u0643\u0645"", ""\u0644\u0627"", ""\u0646\u0631\u064a\u062f"", ""\u0645\u0646"", ""\u0627\u0644\u0639\u0631\u0628"", ""\u0634\u064a\u0626\u0627"", ""\u0646\u0631\u064a\u062f"", ""\u0641\u0642\u0637"", ""\u0645\u0646"", ""\u0647\u0630\u0627"", ""\u0627\u0644\u0627\u062a\u0641\u0627\u0642"", ""\u0645\u0639"", ""\u0628\u0634\u0627\u0631"", ""\u0627\u0644\u0627\u0633\u062f"", ""\u0627\u0646"", ""\u064a\u0624\u062f\u064a"", ""\u0627\u0644\u0649"", ""\u062a\u0631\u062d\u064a\u0644"", ""\u0627\u0644\u0646\u0627\u0632\u062d\u064a\u0646"", ""\u0627\u0644\u0633\u0648\u0631\u064a\u064a\u0646"", ""\u0645\u0646"", ""\u0644\u0628\u0646\u0627\u0646""]","[0, 0, 0, 0, 0, 0, 0, 0, 0, 0, 0, 0, 0, 0, 0, 0, 0, 0, 0, 0, 0, 0, 0, 0, 0, 0, 0, 0, 0, 0, 0, 0, 0, 0, 0, 0, 0, 0, 0, 0, 1, 2, 2, 2, 2]"
1659126911354785792,Target: Immigrant-Refugee,قريبا راح يتم ترحيل البرماوية عقبال باقي الجنسيات,"راح يتم ترحيل البرماوية,عقبال باقي الجنسيات","[""\u0642\u0631\u064a\u0628\u0627"", ""\u0631\u0627\u062d"", ""\u064a\u062a\u0645"", ""\u062a\u0631\u062d\u064a\u0644"", ""\u0627\u0644\u0628\u0631\u0645\u0627\u0648\u064a\u0629"", ""\u0639\u0642\u0628\u0627\u0644"", ""\u0628\u0627\u0642\u064a"", ""\u0627\u0644\u062c\u0646\u0633\u064a\u0627\u062a""]","[0, 1, 2, 2, 2, 1, 2, 2]"
1657500178960510977,Target: Immigrant-Refugee,مطالبون ترحيل المرراكة من الجزائر مثل ما فعل راحل الرائيس الهوري بومدين  رحمه الله تحيا الجزائر ,ترحيل المرراكة من الجزائر,"[""\u0645\u0637\u0627\u0644\u0628\u0648\u0646"", ""\u062a\u0631\u062d\u064a\u0644"", ""\u0627\u0644\u0645\u0631\u0631\u0627\u0643\u0629"", ""\u0645\u0646"", ""\u0627\u0644\u062c\u0632\u0627\u0626\u0631"", ""\u0645\u062b\u0644"", ""\u0645\u0627"", ""\u0641\u0639\u0644"", ""\u0631\u0627\u062d\u0644"", ""\u0627\u0644\u0631\u0627\u0626\u064a\u0633"", ""\u0627\u0644\u0647\u0648\u0631\u064a"", ""\u0628\u0648\u0645\u062f\u064a\u0646"", ""\u0631\u062d\u0645\u0647"", ""\u0627\u0644\u0644\u0647"", ""\u062a\u062d\u064a\u0627"", ""\u0627\u0644\u062c\u0632\u0627\u0626\u0631""]","[0, 1, 2, 2, 2, 0, 0, 0, 0, 0, 0, 0, 0, 0, 0, 0]"
1659682226089459714,Target: Immigrant-Refugee,"انا الي برحلك !!!؟ يا رجل انا مع ولاة امرنا حفظهم الله وسوف يتم ترحيل الاجئين السوريين 

ليه زعلان انت",وسوف يتم ترحيل الاجئين السوريين,"[""\u0627\u0646\u0627"", ""\u0627\u0644\u064a"", ""\u0628\u0631\u062d\u0644\u0643"", ""\u064a\u0627"", ""\u0631\u062c\u0644"", ""\u0627\u0646\u0627"", ""\u0645\u0639"", ""\u0648\u0644\u0627\u0629"", ""\u0627\u0645\u0631\u0646\u0627"", ""\u062d\u0641\u0638\u0647\u0645"", ""\u0627\u0644\u0644\u0647"", ""\u0648\u0633\u0648\u0641"", ""\u064a\u062a\u0645"", ""\u062a\u0631\u062d\u064a\u0644"", ""\u0627\u0644\u0627\u062c\u0626\u064a\u0646"", ""\u0627\u0644\u0633\u0648\u0631\u064a\u064a\u0646"", ""\u0644\u064a\u0647"", ""\u0632\u0639\u0644\u0627\u0646"", ""\u0627\u0646\u062a""]","[0, 0, 0, 0, 0, 0, 0, 0, 0, 0, 0, 1, 2, 2, 2, 2, 0, 0, 0]"
1659546924213477376,Target: Immigrant-Refugee,ما فيش ترحيل للاخوان اخوان   سوريا ضموا علي اخوان مصر  رشيد رضا ضم علي محمد عبده ممكن نقرأ تاريخ وهنعرف اللعبة اللي لبستها مصر والريس عارف,ما فيش ترحيل للاخوان اخوان   سوريا ضموا علي اخوان مصر,"[""\u0645\u0627"", ""\u0641\u064a\u0634"", ""\u062a\u0631\u062d\u064a\u0644"", ""\u0644\u0644\u0627\u062e\u0648\u0627\u0646"", ""\u0627\u062e\u0648\u0627\u0646"", ""\u0633\u0648\u0631\u064a\u0627"", ""\u0636\u0645\u0648\u0627"", ""\u0639\u0644\u064a"", ""\u0627\u062e\u0648\u0627\u0646"", ""\u0645\u0635\u0631"", ""\u0631\u0634\u064a\u062f"", ""\u0631\u0636\u0627"", ""\u0636\u0645"", ""\u0639\u0644\u064a"", ""\u0645\u062d\u0645\u062f"", ""\u0639\u0628\u062f\u0647"", ""\u0645\u0645\u0643\u0646"", ""\u0646\u0642\u0631\u0623"", ""\u062a\u0627\u0631\u064a\u062e"", ""\u0648\u0647\u0646\u0639\u0631\u0641"", ""\u0627\u0644\u0644\u0639\u0628\u0629"", ""\u0627\u0644\u0644\u064a"", ""\u0644\u0628\u0633\u062a\u0647\u0627"", ""\u0645\u0635\u0631"", ""\u0648\u0627\u0644\u0631\u064a\u0633"", ""\u0639\u0627\u0631\u0641""]","[1, 2, 2, 2, 2, 2, 2, 2, 2, 2, 0, 0, 0, 0, 0, 0, 0, 0, 0, 0, 0, 0, 0, 0, 0, 0]"
1659977028274143233,Target: Immigrant-Refugee,نطالب ترحيل يمنيين من ارضنا لارضهم بقوة,نطالب ترحيل يمنيين من ارضنا لارضهم بقوة,"[""\u0646\u0637\u0627\u0644\u0628"", ""\u062a\u0631\u062d\u064a\u0644"", ""\u064a\u0645\u0646\u064a\u064a\u0646"", ""\u0645\u0646"", ""\u0627\u0631\u0636\u0646\u0627"", ""\u0644\u0627\u0631\u0636\u0647\u0645"", ""\u0628\u0642\u0648\u0629""]","[1, 2, 2, 2, 2, 2, 2]"
1659666317354442752,Target: Immigrant-Refugee,"كنا ظالمينك ياأم شنطة بما أن الرجال في بلدك إنقرضو فمن حقك شق البحار وعبور القارات بحثا عن من يسقي بستانك القاحللعل ووعسى أن تنجبي جيل فيه ريحة الرجولة وليسو مخانيث مثل ابناء بلدك البوسبيريين
#ترحيل_المغربيات_مطلب_امني 
#ترحيل_المغربيات_مطلب #ترحيل_المراركه_مطلبنا","الرجال في بلدك إنقرضو فمن حقك شق البحار وعبور القارات بحثا عن من يسقي بستانك القاحللعل ووعسى أن تنجبي جيل فيه ريحة الرجولة,وليسو مخانيث مثل ابناء بلدك البوسبيريين,#ترحيل_المغربيات_مطلب_امني 
#ترحيل_المغربيات_مطلب #ترحيل_المراركه_مطلبنا,ياأم شنطة","[""\u0643\u0646\u0627"", ""\u0638\u0627\u0644\u0645\u064a\u0646\u0643"", ""\u064a\u0627\u0623\u0645"", ""\u0634\u0646\u0637\u0629"", ""\u0628\u0645\u0627"", ""\u0623\u0646"", ""\u0627\u0644\u0631\u062c\u0627\u0644"", ""\u0641\u064a"", ""\u0628\u0644\u062f\u0643"", ""\u0625\u0646\u0642\u0631\u0636\u0648"", ""\u0641\u0645\u0646"", ""\u062d\u0642\u0643"", ""\u0634\u0642"", ""\u0627\u0644\u0628\u062d\u0627\u0631"", ""\u0648\u0639\u0628\u0648\u0631"", ""\u0627\u0644\u0642\u0627\u0631\u0627\u062a"", ""\u0628\u062d\u062b\u0627"", ""\u0639\u0646"", ""\u0645\u0646"", ""\u064a\u0633\u0642\u064a"", ""\u0628\u0633\u062a\u0627\u0646\u0643"", ""\u0627\u0644\u0642\u0627\u062d\u0644\u0644\u0639\u0644"", ""\u0648\u0648\u0639\u0633\u0649"", ""\u0623\u0646"", ""\u062a\u0646\u062c\u0628\u064a"", ""\u062c\u064a\u0644"", ""\u0641\u064a\u0647"", ""\u0631\u064a\u062d\u0629"", ""\u0627\u0644\u0631\u062c\u0648\u0644\u0629"", ""\u0648\u0644\u064a\u0633\u0648"", ""\u0645\u062e\u0627\u0646\u064a\u062b"", ""\u0645\u062b\u0644"", ""\u0627\u0628\u0646\u0627\u0621"", ""\u0628\u0644\u062f\u0643"", ""\u0627\u0644\u0628\u0648\u0633\u0628\u064a\u0631\u064a\u064a\u0646"", ""\u062a\u0631\u062d\u064a\u0644_\u0627\u0644\u0645\u063a\u0631\u0628\u064a\u0627\u062a_\u0645\u0637\u0644\u0628_\u0627\u0645\u0646\u064a"", ""\u062a\u0631\u062d\u064a\u0644_\u0627\u0644\u0645\u063a\u0631\u0628\u064a\u0627\u062a_\u0645\u0637\u0644\u0628"", ""\u062a\u0631\u062d\u064a\u0644_\u0627\u0644\u0645\u0631\u0627\u0631\u0643\u0647_\u0645\u0637\u0644\u0628\u0646\u0627""]","[0, 0, 1, 2, 0, 0, 1, 2, 2, 2, 2, 2, 2, 2, 2, 2, 2, 2, 2, 2, 2, 2, 2, 2, 2, 2, 2, 2, 2, 1, 2, 2, 2, 2, 2, 1, 2, 2]"
1659674634185330691,Target: Immigrant-Refugee,#ترحيل اللاجئـــــين النازحيـــــن من ولايــــة الجزيرة لمعـــــسكر الــولايات الشـــــرقية,#ترحيل اللاجئـــــين النازحيـــــن,"[""\u062a\u0631\u062d\u064a\u0644"", ""\u0627\u0644\u0644\u0627\u062c\u0626\u0640\u0640\u0640\u0640\u0640\u064a\u0646"", ""\u0627\u0644\u0646\u0627\u0632\u062d\u064a\u0640\u0640\u0640\u0640\u0640\u0646"", ""\u0645\u0646"", ""\u0648\u0644\u0627\u064a\u0640\u0640\u0640\u0640\u0629"", ""\u0627\u0644\u062c\u0632\u064a\u0631\u0629"", ""\u0644\u0645\u0639\u0640\u0640\u0640\u0640\u0640\u0633\u0643\u0631"", ""\u0627\u0644\u0640\u0640\u0648\u0644\u0627\u064a\u0627\u062a"", ""\u0627\u0644\u0634\u0640\u0640\u0640\u0640\u0640\u0631\u0642\u064a\u0629""]","[1, 2, 2, 0, 0, 0, 0, 0, 0]"
1657475173287616517,Target: Immigrant-Refugee,قبل مايجون الاجانب لوطنا لم يكن هناك جرائم ولا قتل ولا مخدرات الحل الصحيح ترحيل الاجانب لما كنا سعوديين قبل اربعين سنه لافي اجرام ولا قتل ولا مخدرات كأن البلد نظيف صلاه وذهاب للمسجد وبعد صلاة العشاء نوم بدل ماتضع كاميرات رحل الاجانب وشوف بعدها النتيجه,"قبل مايجون الاجانب لوطنا لم يكن هناك جرائم ولا قتل ولا مخدرات,الحل الصحيح ترحيل الاجانب,بدل ماتضع كاميرات رحل الاجانب وشوف بعدها النتيجه","[""\u0642\u0628\u0644"", ""\u0645\u0627\u064a\u062c\u0648\u0646"", ""\u0627\u0644\u0627\u062c\u0627\u0646\u0628"", ""\u0644\u0648\u0637\u0646\u0627"", ""\u0644\u0645"", ""\u064a\u0643\u0646"", ""\u0647\u0646\u0627\u0643"", ""\u062c\u0631\u0627\u0626\u0645"", ""\u0648\u0644\u0627"", ""\u0642\u062a\u0644"", ""\u0648\u0644\u0627"", ""\u0645\u062e\u062f\u0631\u0627\u062a"", ""\u0627\u0644\u062d\u0644"", ""\u0627\u0644\u0635\u062d\u064a\u062d"", ""\u062a\u0631\u062d\u064a\u0644"", ""\u0627\u0644\u0627\u062c\u0627\u0646\u0628"", ""\u0644\u0645\u0627"", ""\u0643\u0646\u0627"", ""\u0633\u0639\u0648\u062f\u064a\u064a\u0646"", ""\u0642\u0628\u0644"", ""\u0627\u0631\u0628\u0639\u064a\u0646"", ""\u0633\u0646\u0647"", ""\u0644\u0627\u0641\u064a"", ""\u0627\u062c\u0631\u0627\u0645"", ""\u0648\u0644\u0627"", ""\u0642\u062a\u0644"", ""\u0648\u0644\u0627"", ""\u0645\u062e\u062f\u0631\u0627\u062a"", ""\u0643\u0623\u0646"", ""\u0627\u0644\u0628\u0644\u062f"", ""\u0646\u0638\u064a\u0641"", ""\u0635\u0644\u0627\u0647"", ""\u0648\u0630\u0647\u0627\u0628"", ""\u0644\u0644\u0645\u0633\u062c\u062f"", ""\u0648\u0628\u0639\u062f"", ""\u0635\u0644\u0627\u0629"", ""\u0627\u0644\u0639\u0634\u0627\u0621"", ""\u0646\u0648\u0645"", ""\u0628\u062f\u0644"", ""\u0645\u0627\u062a\u0636\u0639"", ""\u0643\u0627\u0645\u064a\u0631\u0627\u062a"", ""\u0631\u062d\u0644"", ""\u0627\u0644\u0627\u062c\u0627\u0646\u0628"", ""\u0648\u0634\u0648\u0641"", ""\u0628\u0639\u062f\u0647\u0627"", ""\u0627\u0644\u0646\u062a\u064a\u062c\u0647""]","[1, 2, 2, 2, 2, 2, 2, 2, 2, 2, 2, 2, 1, 2, 2, 2, 0, 0, 0, 0, 0, 0, 0, 0, 0, 0, 0, 0, 0, 0, 0, 0, 0, 0, 0, 0, 0, 0, 1, 2, 2, 2, 2, 2, 2, 2]"
1659487055007694849,Target: Immigrant-Refugee,شفنا خير دليل ترحيل عاهرات ,ترحيل عاهرات,"[""\u0634\u0641\u0646\u0627"", ""\u062e\u064a\u0631"", ""\u062f\u0644\u064a\u0644"", ""\u062a\u0631\u062d\u064a\u0644"", ""\u0639\u0627\u0647\u0631\u0627\u062a""]","[0, 0, 0, 1, 2]"
1658534266521755649,Target: Immigrant-Refugee,شفت الفيديو خارجة كدور او كتقول ليهم قفطان جزائري هاد فقرولية كرغولية ولله ما عندها علاش تحشم عجبها الثراث المغربي او مشات سرقاتو فضيحة #مطلبنا_ترحيل_الجزائر_من_المغرب_والمغرب_العربي_,"هاد فقرولية كرغولية,#مطلبنا_ترحيل_الجزائر_من_المغرب_والمغرب_العربي_","[""\u0634\u0641\u062a"", ""\u0627\u0644\u0641\u064a\u062f\u064a\u0648"", ""\u062e\u0627\u0631\u062c\u0629"", ""\u0643\u062f\u0648\u0631"", ""\u0627\u0648"", ""\u0643\u062a\u0642\u0648\u0644"", ""\u0644\u064a\u0647\u0645"", ""\u0642\u0641\u0637\u0627\u0646"", ""\u062c\u0632\u0627\u0626\u0631\u064a"", ""\u0647\u0627\u062f"", ""\u0641\u0642\u0631\u0648\u0644\u064a\u0629"", ""\u0643\u0631\u063a\u0648\u0644\u064a\u0629"", ""\u0648\u0644\u0644\u0647"", ""\u0645\u0627"", ""\u0639\u0646\u062f\u0647\u0627"", ""\u0639\u0644\u0627\u0634"", ""\u062a\u062d\u0634\u0645"", ""\u0639\u062c\u0628\u0647\u0627"", ""\u0627\u0644\u062b\u0631\u0627\u062b"", ""\u0627\u0644\u0645\u063a\u0631\u0628\u064a"", ""\u0627\u0648"", ""\u0645\u0634\u0627\u062a"", ""\u0633\u0631\u0642\u0627\u062a\u0648"", ""\u0641\u0636\u064a\u062d\u0629"", ""\u0645\u0637\u0644\u0628\u0646\u0627_\u062a\u0631\u062d\u064a\u0644_\u0627\u0644\u062c\u0632\u0627\u0626\u0631_\u0645\u0646_\u0627\u0644\u0645\u063a\u0631\u0628_\u0648\u0627\u0644\u0645\u063a\u0631\u0628_\u0627\u0644\u0639\u0631\u0628\u064a_""]","[0, 0, 0, 0, 0, 0, 0, 0, 0, 1, 2, 2, 0, 0, 0, 0, 0, 0, 0, 0, 0, 0, 0, 0, 1]"
1659890836996235266,Target: Immigrant-Refugee,قريبا سيتم ترحيل المشردين الى بلدانهم ووطنهم الاصلي حسب قول وزير الخارجية السعودية,"المشردين,ترحيل","[""\u0642\u0631\u064a\u0628\u0627"", ""\u0633\u064a\u062a\u0645"", ""\u062a\u0631\u062d\u064a\u0644"", ""\u0627\u0644\u0645\u0634\u0631\u062f\u064a\u0646"", ""\u0627\u0644\u0649"", ""\u0628\u0644\u062f\u0627\u0646\u0647\u0645"", ""\u0648\u0648\u0637\u0646\u0647\u0645"", ""\u0627\u0644\u0627\u0635\u0644\u064a"", ""\u062d\u0633\u0628"", ""\u0642\u0648\u0644"", ""\u0648\u0632\u064a\u0631"", ""\u0627\u0644\u062e\u0627\u0631\u062c\u064a\u0629"", ""\u0627\u0644\u0633\u0639\u0648\u062f\u064a\u0629""]","[0, 0, 1, 1, 0, 0, 0, 0, 0, 0, 0, 0, 0]"
1659840610830802944,Target: Immigrant-Refugee,"حتى عيالهم يقولون المرأة المغربية التي تتقن اللهجة السعودية لا تصلح للزواج ولو فُتح لنا المجال للزواج من السعوديات لتزوج أغلبنا منهم يدورون ""للعفيفات "" 
#ترحيل_المغربيات_مطلب2","المغربية التي تتقن اللهجة السعودية لا تصلح للزواج,#ترحيل_المغربيات_مطلب2","[""\u062d\u062a\u0649"", ""\u0639\u064a\u0627\u0644\u0647\u0645"", ""\u064a\u0642\u0648\u0644\u0648\u0646"", ""\u0627\u0644\u0645\u0631\u0623\u0629"", ""\u0627\u0644\u0645\u063a\u0631\u0628\u064a\u0629"", ""\u0627\u0644\u062a\u064a"", ""\u062a\u062a\u0642\u0646"", ""\u0627\u0644\u0644\u0647\u062c\u0629"", ""\u0627\u0644\u0633\u0639\u0648\u062f\u064a\u0629"", ""\u0644\u0627"", ""\u062a\u0635\u0644\u062d"", ""\u0644\u0644\u0632\u0648\u0627\u062c"", ""\u0648\u0644\u0648"", ""\u0641"", ""\u062a\u062d"", ""\u0644\u0646\u0627"", ""\u0627\u0644\u0645\u062c\u0627\u0644"", ""\u0644\u0644\u0632\u0648\u0627\u062c"", ""\u0645\u0646"", ""\u0627\u0644\u0633\u0639\u0648\u062f\u064a\u0627\u062a"", ""\u0644\u062a\u0632\u0648\u062c"", ""\u0623\u063a\u0644\u0628\u0646\u0627"", ""\u0645\u0646\u0647\u0645"", ""\u064a\u062f\u0648\u0631\u0648\u0646"", ""\u0644\u0644\u0639\u0641\u064a\u0641\u0627\u062a"", ""\u062a\u0631\u062d\u064a\u0644_\u0627\u0644\u0645\u063a\u0631\u0628\u064a\u0627\u062a_\u0645\u0637\u0644\u06282""]","[0, 0, 0, 0, 1, 2, 2, 2, 2, 2, 2, 2, 0, 0, 0, 0, 0, 0, 0, 0, 0, 0, 0, 0, 0, 1]"
1659639394817417217,Target: Immigrant-Refugee,"ليت ماقطعنا أيران
وليت ما ارسلنا جنودنا دفاعا عنكم 

وليت وليت

#ترحيل_المغربيات_مطلب 

#ترحيل_المغربيات_مطلب_امني","#ترحيل_المغربيات_مطلب,#ترحيل_المغربيات_مطلب_امني","[""\u0644\u064a\u062a"", ""\u0645\u0627\u0642\u0637\u0639\u0646\u0627"", ""\u0623\u064a\u0631\u0627\u0646"", ""\u0648\u0644\u064a\u062a"", ""\u0645\u0627"", ""\u0627\u0631\u0633\u0644\u0646\u0627"", ""\u062c\u0646\u0648\u062f\u0646\u0627"", ""\u062f\u0641\u0627\u0639\u0627"", ""\u0639\u0646\u0643\u0645"", ""\u0648\u0644\u064a\u062a"", ""\u0648\u0644\u064a\u062a"", ""\u062a\u0631\u062d\u064a\u0644_\u0627\u0644\u0645\u063a\u0631\u0628\u064a\u0627\u062a_\u0645\u0637\u0644\u0628"", ""\u062a\u0631\u062d\u064a\u0644_\u0627\u0644\u0645\u063a\u0631\u0628\u064a\u0627\u062a_\u0645\u0637\u0644\u0628_\u0627\u0645\u0646\u064a""]","[0, 0, 0, 0, 0, 0, 0, 0, 0, 0, 0, 1, 1]"
1659985188124860429,Target: Immigrant-Refugee,الرد المُلجم للفلبين هو ترحيل عمالتهم . فالكويت لاتُهدد من قبل رئيس عصابه .,"ترحيل عمالتهم,رئيس عصابه","[""\u0627\u0644\u0631\u062f"", ""\u0627\u0644\u0645"", ""\u0644\u062c\u0645"", ""\u0644\u0644\u0641\u0644\u0628\u064a\u0646"", ""\u0647\u0648"", ""\u062a\u0631\u062d\u064a\u0644"", ""\u0639\u0645\u0627\u0644\u062a\u0647\u0645"", ""\u0641\u0627\u0644\u0643\u0648\u064a\u062a"", ""\u0644\u0627\u062a"", ""\u0647\u062f\u062f"", ""\u0645\u0646"", ""\u0642\u0628\u0644"", ""\u0631\u0626\u064a\u0633"", ""\u0639\u0635\u0627\u0628\u0647""]","[0, 0, 0, 0, 0, 1, 2, 0, 0, 0, 0, 0, 1, 2]"
1658519976540553216,Target: Immigrant-Refugee,سامجة على ذي السامجة يبيلك ترحيل,يبيلك ترحيل,"[""\u0633\u0627\u0645\u062c\u0629"", ""\u0639\u0644\u0649"", ""\u0630\u064a"", ""\u0627\u0644\u0633\u0627\u0645\u062c\u0629"", ""\u064a\u0628\u064a\u0644\u0643"", ""\u062a\u0631\u062d\u064a\u0644""]","[0, 0, 0, 0, 1, 2]"
1659502480428789761,Target: Immigrant-Refugee,باذن الله ترحيل كل برماوي,ترحيل كل برماوي,"[""\u0628\u0627\u0630\u0646"", ""\u0627\u0644\u0644\u0647"", ""\u062a\u0631\u062d\u064a\u0644"", ""\u0643\u0644"", ""\u0628\u0631\u0645\u0627\u0648\u064a""]","[0, 0, 1, 2, 2]"
1659845218374492163,Target: Immigrant-Refugee,الحجز علي كل ممتلكات الشركة و حسابتها البنكية ، و وقف جميع تعاملاتها في الدولة ، بعدها صرف رواتبهم من فلوس الشركة ، ترحيل جميع العمال الي بلادهم مع اغلاق الشركة ، و كفاية من هذه العمالة الي ما منها اي فايدة لا الدولة و الناس ، كل واحد يدز عربانته في المطار ، الجمعيات,"ترحيل جميع العمال الي بلادهم,كفاية من هذه العمالة الي ما منها اي فايدة لا الدولة و الناس,كل واحد يدز عربانته في المطار","[""\u0627\u0644\u062d\u062c\u0632"", ""\u0639\u0644\u064a"", ""\u0643\u0644"", ""\u0645\u0645\u062a\u0644\u0643\u0627\u062a"", ""\u0627\u0644\u0634\u0631\u0643\u0629"", ""\u0648"", ""\u062d\u0633\u0627\u0628\u062a\u0647\u0627"", ""\u0627\u0644\u0628\u0646\u0643\u064a\u0629"", ""\u0648"", ""\u0648\u0642\u0641"", ""\u062c\u0645\u064a\u0639"", ""\u062a\u0639\u0627\u0645\u0644\u0627\u062a\u0647\u0627"", ""\u0641\u064a"", ""\u0627\u0644\u062f\u0648\u0644\u0629"", ""\u0628\u0639\u062f\u0647\u0627"", ""\u0635\u0631\u0641"", ""\u0631\u0648\u0627\u062a\u0628\u0647\u0645"", ""\u0645\u0646"", ""\u0641\u0644\u0648\u0633"", ""\u0627\u0644\u0634\u0631\u0643\u0629"", ""\u062a\u0631\u062d\u064a\u0644"", ""\u062c\u0645\u064a\u0639"", ""\u0627\u0644\u0639\u0645\u0627\u0644"", ""\u0627\u0644\u064a"", ""\u0628\u0644\u0627\u062f\u0647\u0645"", ""\u0645\u0639"", ""\u0627\u063a\u0644\u0627\u0642"", ""\u0627\u0644\u0634\u0631\u0643\u0629"", ""\u0648"", ""\u0643\u0641\u0627\u064a\u0629"", ""\u0645\u0646"", ""\u0647\u0630\u0647"", ""\u0627\u0644\u0639\u0645\u0627\u0644\u0629"", ""\u0627\u0644\u064a"", ""\u0645\u0627"", ""\u0645\u0646\u0647\u0627"", ""\u0627\u064a"", ""\u0641\u0627\u064a\u062f\u0629"", ""\u0644\u0627"", ""\u0627\u0644\u062f\u0648\u0644\u0629"", ""\u0648"", ""\u0627\u0644\u0646\u0627\u0633"", ""\u0643\u0644"", ""\u0648\u0627\u062d\u062f"", ""\u064a\u062f\u0632"", ""\u0639\u0631\u0628\u0627\u0646\u062a\u0647"", ""\u0641\u064a"", ""\u0627\u0644\u0645\u0637\u0627\u0631"", ""\u0627\u0644\u062c\u0645\u0639\u064a\u0627\u062a""]","[0, 0, 0, 0, 0, 0, 0, 0, 0, 0, 0, 0, 0, 0, 0, 0, 0, 0, 0, 0, 1, 2, 2, 2, 2, 0, 0, 0, 0, 1, 2, 2, 2, 2, 2, 2, 2, 2, 2, 2, 2, 2, 1, 2, 2, 2, 2, 2, 0]"
1659264136449073167,Target: Immigrant-Refugee,الله يرحمه واتمنى ترحيل كل الاجانب,واتمنى ترحيل كل الاجانب,"[""\u0627\u0644\u0644\u0647"", ""\u064a\u0631\u062d\u0645\u0647"", ""\u0648\u0627\u062a\u0645\u0646\u0649"", ""\u062a\u0631\u062d\u064a\u0644"", ""\u0643\u0644"", ""\u0627\u0644\u0627\u062c\u0627\u0646\u0628""]","[0, 0, 1, 2, 2, 2]"
